{"cameraMode":{"drawMode":0,"name":"Shaded","section":"Shading Mode"},"sceneLighting":false,"audioPlay":false,"sceneViewState":{"showFog":true,"showMaterialUpdate":false,"showSkybox":false,"showFlares":true,"showImageEffects":true,"showParticleSystems":true,"showVisualEffectGraphs":true,"m_FxEnabled":true},"in2DMode":false,"pivot":{"x":4.298647403717041,"y":2.401914358139038,"z":8.898713111877442},"rotation":{"x":-0.042275819927453998,"y":0.03206346556544304,"z":-0.0013561429223045707,"w":-0.9986050724983215},"size":14.615715980529786,"orthographic":false}