{"cameraMode":{"drawMode":0,"name":"Shaded","section":"Shading Mode"},"sceneLighting":false,"audioPlay":false,"sceneViewState":{"showFog":true,"showMaterialUpdate":false,"showSkybox":false,"showFlares":true,"showImageEffects":true,"showParticleSystems":true,"showVisualEffectGraphs":true,"m_FxEnabled":true},"in2DMode":false,"pivot":{"x":10.000015258789063,"y":4.968009948730469,"z":150.0003204345703},"rotation":{"x":0.29242563247680666,"y":-0.042589399963617328,"z":0.012696155346930027,"w":0.9554256796836853},"size":150.4153594970703,"orthographic":false}