{"cameraMode":{"drawMode":0,"name":"Shaded","section":"Shading Mode"},"sceneLighting":false,"audioPlay":false,"sceneViewState":{"showFog":true,"showMaterialUpdate":false,"showSkybox":false,"showFlares":true,"showImageEffects":true,"showParticleSystems":true,"showVisualEffectGraphs":true,"m_FxEnabled":true},"in2DMode":false,"pivot":{"x":9.981420516967774,"y":3.7700002193450929,"z":38.89747619628906},"rotation":{"x":-0.05847509950399399,"y":0.010538315400481224,"z":-0.00034657411742955446,"w":-0.998386561870575},"size":34.38618087768555,"orthographic":false}